asof_yyyymm,total_calls,housing_calls,utx_calls,food_calls,lower total_calls,lower housing_calls,lower utx_calls,lower food_calls,upper total_calls,upper housing_calls,upper utx_calls,upper food_calls
202201,1054.0643772519616,254.41240769321846,167.10302490914188,91.03078888413019,875.2165725312097,206.55784677092473,112.88006866736336,20.115034557389777,1232.9121819727134,302.26696861551216,221.3259811509204,161.9465432108706
202202,1042.8780147835528,251.53123106695577,150.25079052932793,67.66375768938295,848.4307888051779,202.26174108013265,88.98241019753752,-15.707454561795146,1237.3252407619275,300.8007210537789,211.51917086111834,151.03496994056104
202203,1002.9878129986328,253.87975579486863,152.0646739760997,56.974481082576425,795.1502254097113,204.12925606280703,88.58123809952883,-29.515933657638477,1210.8254005875542,303.6302555269302,215.54810985267056,143.46489582279133
202204,1029.7648382077077,259.97577431487366,156.81014351600479,56.63724912866474,820.4957955454137,210.09248463909455,92.13150878120432,-29.987921151643285,1239.0338808700017,309.85906399065277,221.48877825080524,143.26241940897276
202205,1027.8580684622464,261.652656767843,157.04600840396458,52.13567176266771,818.4076411591782,211.71428427693417,92.23091844651513,-34.56590661557685,1237.3084957653145,311.5910292587518,221.861098361414,138.83725014091226
