asof_yyyymm,total_calls,housing_calls,utx_calls,food_calls,lower total_calls,lower housing_calls,lower utx_calls,lower food_calls,upper total_calls,upper housing_calls,upper utx_calls,upper food_calls
202201,1054.0643368313754,254.41237895406556,167.1030229049135,91.03071108088429,875.2165294721995,206.5578077806927,112.88005883106985,20.114948016935344,1232.9121441905513,302.2669501274384,221.32598697875716,161.94647414483325
202202,1042.8778300984127,251.5311837216298,150.25081560294927,67.66367558451975,848.4305809625637,202.26168629401235,88.98242086646599,-15.707527053415504,1237.3250792342617,300.8006811492472,211.51921033943256,151.034878222455
202203,1002.9877169916913,253.87970945862494,152.0647120502654,56.97443650771533,795.1501045696696,204.1292018417668,88.58125870218927,-29.515957875590722,1210.825329413713,303.6302170754831,215.54816539834152,143.4648308910214
202204,1029.7647617548341,259.9757206205045,156.81017419753636,56.63721400650638,820.4956885821366,210.09242285086583,92.1315217473784,-29.987935198032545,1239.0338349275316,309.85901839014315,221.4888266476943,143.2623632110453
202205,1027.8579771944887,261.65260130582004,157.04603596154223,52.13564021442898,818.4075190741005,211.7142207098522,92.23092818232517,-34.56591705354878,1237.308435314877,311.59098190178787,221.8611437407593,138.83719748240674
